Event,particle name,Track ID,Parent ID,Kinetic E,Volume,Physics Process
0,neutron,1,0,0.0731853,world_log,Incident
0,neutron,1,0,0.0731853,world_log,Outgoing
1,neutron,1,0,0.0114931,world_log,Incident
1,neutron,1,0,0.0114931,world_log,Outgoing
2,neutron,1,0,0.0316137,world_log,Incident
2,neutron,1,0,0.0316137,world_log,Outgoing
3,neutron,1,0,0.0696319,world_log,Incident
3,neutron,1,0,0.0696319,world_log,Outgoing
4,neutron,1,0,0.0575672,world_log,Incident
4,neutron,1,0,0.0575672,world_log,Outgoing
5,neutron,1,0,0.0484766,world_log,Incident
5,neutron,1,0,0.0484766,world_log,Outgoing
6,neutron,1,0,0.0294659,world_log,Incident
6,neutron,1,0,0.0294659,world_log,Outgoing
7,neutron,1,0,0.0554974,world_log,Incident
7,neutron,1,0,0.0554974,world_log,Outgoing
8,neutron,1,0,0.0511666,world_log,Incident
8,neutron,1,0,0.0511666,world_log,Outgoing
9,neutron,1,0,0.066562,world_log,Incident
9,neutron,1,0,0.066562,world_log,Outgoing
